FirstName,LastName,FullName
Pehr,Osbeck,Pehr Osbeck
Peter,Forsskål,Peter Forsskål
Pehr,Löfling,Pehr Löfling
Pehr,Kalm,Pehr Kalm
Daniel,Rolander,Daniel Rolander
Johan Peter,Falck,Johan Peter Falck
Daniel,Solander,Daniel Solander
Carl Peter,Thunberg,Carl Peter Thunberg
Anders,Sparrman,Anders Sparrman
Peter Jonas,Bergius,Peter Jonas Bergius
